{
 "charts": [],
 "content": "[{\"id\":\"kPDXosF_36\",\"type\":\"spacer\",\"data\":{\"col\":12}},{\"id\":\"M9f80RiBg-\",\"type\":\"header\",\"data\":{\"text\":\"<span class=\\\"h4\\\"><b>Your Shortcuts</b></span>\",\"col\":12}},{\"id\":\"kjn-PeQqa1\",\"type\":\"shortcut\",\"data\":{\"shortcut_name\":\"Student\",\"col\":3}},{\"id\":\"HkSo_TH74e\",\"type\":\"shortcut\",\"data\":{\"shortcut_name\":\"Instructor\",\"col\":3}},{\"id\":\"PCMoc9tc_K\",\"type\":\"shortcut\",\"data\":{\"shortcut_name\":\"Program\",\"col\":3}},{\"id\":\"Xq6CSAeATl\",\"type\":\"shortcut\",\"data\":{\"shortcut_name\":\"Course\",\"col\":3}},{\"id\":\"xxjcSj__5e\",\"type\":\"shortcut\",\"data\":{\"shortcut_name\":\"Sales Invoice\",\"col\":3}},{\"id\":\"VkVspJGqYQ\",\"type\":\"shortcut\",\"data\":{\"shortcut_name\":\"Student Monthly Attendance Sheet\",\"col\":3}},{\"id\":\"vfDR1CThl5\",\"type\":\"shortcut\",\"data\":{\"shortcut_name\":\"Course Scheduling Tool\",\"col\":3}},{\"id\":\"25LD73fDQ5\",\"type\":\"shortcut\",\"data\":{\"shortcut_name\":\"Student Attendance Tool\",\"col\":3}},{\"id\":\"syV1UYrgXd\",\"type\":\"spacer\",\"data\":{\"col\":12}},{\"id\":\"_iVVUE4qZL\",\"type\":\"header\",\"data\":{\"text\":\"<span class=\\\"h4\\\"><b>Reports &amp; Masters</b></span>\",\"col\":12}},{\"id\":\"WhCpeh8evz\",\"type\":\"card\",\"data\":{\"card_name\":\"Student and Instructor\",\"col\":4}},{\"id\":\"zuYoZvBO0_\",\"type\":\"card\",\"data\":{\"card_name\":\"Masters\",\"col\":4}},{\"id\":\"3gGgyWyn0r\",\"type\":\"card\",\"data\":{\"card_name\":\"Content Masters\",\"col\":4}},{\"id\":\"9dBmFwGKS6\",\"type\":\"card\",\"data\":{\"card_name\":\"Settings\",\"col\":4}},{\"id\":\"qRTpZK9024\",\"type\":\"card\",\"data\":{\"card_name\":\"Admission\",\"col\":4}},{\"id\":\"CcvHgLgyYi\",\"type\":\"card\",\"data\":{\"card_name\":\"Fees\",\"col\":4}},{\"id\":\"kydSuuZSdB\",\"type\":\"card\",\"data\":{\"card_name\":\"Schedule\",\"col\":4}},{\"id\":\"WGne39384b\",\"type\":\"card\",\"data\":{\"card_name\":\"Attendance\",\"col\":4}},{\"id\":\"fQ0TQuXwz9\",\"type\":\"card\",\"data\":{\"card_name\":\"Assessment\",\"col\":4}},{\"id\":\"shkmvB71Ov\",\"type\":\"card\",\"data\":{\"card_name\":\"Assessment Reports\",\"col\":4}},{\"id\":\"ZWW4wtFwLa\",\"type\":\"card\",\"data\":{\"card_name\":\"Tools\",\"col\":4}},{\"id\":\"Y_MEmzWdEh\",\"type\":\"card\",\"data\":{\"card_name\":\"Other Reports\",\"col\":4}}]",
 "creation": "2020-03-02 17:22:57.066401",
 "custom_blocks": [],
 "docstatus": 0,
 "doctype": "Workspace",
 "for_user": "",
 "hide_custom": 0,
 "icon": "education",
 "idx": 0,
 "is_hidden": 0,
 "label": "Education",
 "links": [
  {
   "hidden": 0,
   "is_query_report": 0,
   "label": "Student and Instructor",
   "link_count": 0,
   "onboard": 0,
   "type": "Card Break"
  },
  {
   "dependencies": "",
   "hidden": 0,
   "is_query_report": 0,
   "label": "Student",
   "link_count": 0,
   "link_to": "Student",
   "link_type": "DocType",
   "onboard": 1,
   "type": "Link"
  },
  {
   "dependencies": "",
   "hidden": 0,
   "is_query_report": 0,
   "label": "Instructor",
   "link_count": 0,
   "link_to": "Instructor",
   "link_type": "DocType",
   "onboard": 1,
   "type": "Link"
  },
  {
   "dependencies": "",
   "hidden": 0,
   "is_query_report": 0,
   "label": "Guardian",
   "link_count": 0,
   "link_to": "Guardian",
   "link_type": "DocType",
   "onboard": 0,
   "type": "Link"
  },
  {
   "dependencies": "",
   "hidden": 0,
   "is_query_report": 0,
   "label": "Student Group",
   "link_count": 0,
   "link_to": "Student Group",
   "link_type": "DocType",
   "onboard": 0,
   "type": "Link"
  },
  {
   "dependencies": "",
   "hidden": 0,
   "is_query_report": 0,
   "label": "Student Log",
   "link_count": 0,
   "link_to": "Student Log",
   "link_type": "DocType",
   "onboard": 0,
   "type": "Link"
  },
  {
   "hidden": 0,
   "is_query_report": 0,
   "label": "Masters",
   "link_count": 0,
   "onboard": 0,
   "type": "Card Break"
  },
  {
   "dependencies": "",
   "hidden": 0,
   "is_query_report": 0,
   "label": "Program",
   "link_count": 0,
   "link_to": "Program",
   "link_type": "DocType",
   "onboard": 0,
   "type": "Link"
  },
  {
   "dependencies": "",
   "hidden": 0,
   "is_query_report": 0,
   "label": "Course",
   "link_count": 0,
   "link_to": "Course",
   "link_type": "DocType",
   "onboard": 1,
   "type": "Link"
  },
  {
   "dependencies": "",
   "hidden": 0,
   "is_query_report": 0,
   "label": "Topic",
   "link_count": 0,
   "link_to": "Topic",
   "link_type": "DocType",
   "onboard": 0,
   "type": "Link"
  },
  {
   "dependencies": "",
   "hidden": 0,
   "is_query_report": 0,
   "label": "Room",
   "link_count": 0,
   "link_to": "Room",
   "link_type": "DocType",
   "onboard": 1,
   "type": "Link"
  },
  {
   "hidden": 0,
   "is_query_report": 0,
   "label": "Content Masters",
   "link_count": 0,
   "onboard": 0,
   "type": "Card Break"
  },
  {
   "dependencies": "",
   "hidden": 0,
   "is_query_report": 0,
   "label": "Article",
   "link_count": 0,
   "link_to": "Article",
   "link_type": "DocType",
   "onboard": 0,
   "type": "Link"
  },
  {
   "dependencies": "",
   "hidden": 0,
   "is_query_report": 0,
   "label": "Video",
   "link_count": 0,
   "link_to": "Video",
   "link_type": "DocType",
   "onboard": 0,
   "type": "Link"
  },
  {
   "dependencies": "",
   "hidden": 0,
   "is_query_report": 0,
   "label": "Quiz",
   "link_count": 0,
   "link_to": "Quiz",
   "link_type": "DocType",
   "onboard": 0,
   "type": "Link"
  },
  {
   "hidden": 0,
   "is_query_report": 0,
   "label": "Settings",
   "link_count": 0,
   "onboard": 0,
   "type": "Card Break"
  },
  {
   "dependencies": "",
   "hidden": 0,
   "is_query_report": 0,
   "label": "Education Settings",
   "link_count": 0,
   "link_to": "Education Settings",
   "link_type": "DocType",
   "onboard": 0,
   "type": "Link"
  },
  {
   "dependencies": "",
   "hidden": 0,
   "is_query_report": 0,
   "label": "Student Category",
   "link_count": 0,
   "link_to": "Student Category",
   "link_type": "DocType",
   "onboard": 0,
   "type": "Link"
  },
  {
   "dependencies": "",
   "hidden": 0,
   "is_query_report": 0,
   "label": "Student Batch Name",
   "link_count": 0,
   "link_to": "Student Batch Name",
   "link_type": "DocType",
   "onboard": 0,
   "type": "Link"
  },
  {
   "dependencies": "",
   "hidden": 0,
   "is_query_report": 0,
   "label": "Grading Scale",
   "link_count": 0,
   "link_to": "Grading Scale",
   "link_type": "DocType",
   "onboard": 1,
   "type": "Link"
  },
  {
   "dependencies": "",
   "hidden": 0,
   "is_query_report": 0,
   "label": "Academic Term",
   "link_count": 0,
   "link_to": "Academic Term",
   "link_type": "DocType",
   "onboard": 0,
   "type": "Link"
  },
  {
   "dependencies": "",
   "hidden": 0,
   "is_query_report": 0,
   "label": "Academic Year",
   "link_count": 0,
   "link_to": "Academic Year",
   "link_type": "DocType",
   "onboard": 0,
   "type": "Link"
  },
  {
   "hidden": 0,
   "is_query_report": 0,
   "label": "Admission",
   "link_count": 0,
   "onboard": 0,
   "type": "Card Break"
  },
  {
   "dependencies": "",
   "hidden": 0,
   "is_query_report": 0,
   "label": "Student Applicant",
   "link_count": 0,
   "link_to": "Student Applicant",
   "link_type": "DocType",
   "onboard": 0,
   "type": "Link"
  },
  {
   "dependencies": "",
   "hidden": 0,
   "is_query_report": 0,
   "label": "Student Admission",
   "link_count": 0,
   "link_to": "Student Admission",
   "link_type": "DocType",
   "onboard": 0,
   "type": "Link"
  },
  {
   "dependencies": "",
   "hidden": 0,
   "is_query_report": 0,
   "label": "Program Enrollment",
   "link_count": 0,
   "link_to": "Program Enrollment",
   "link_type": "DocType",
   "onboard": 0,
   "type": "Link"
  },
  {
   "dependencies": "",
   "hidden": 0,
   "is_query_report": 0,
   "label": "Course Enrollment",
   "link_count": 0,
   "link_to": "Course Enrollment",
   "link_type": "DocType",
   "onboard": 0,
   "type": "Link"
  },
  {
   "hidden": 0,
   "is_query_report": 0,
   "label": "Fees",
   "link_count": 0,
   "onboard": 0,
   "type": "Card Break"
  },
  {
   "dependencies": "",
   "hidden": 0,
   "is_query_report": 0,
   "label": "Fee Structure",
   "link_count": 0,
   "link_to": "Fee Structure",
   "link_type": "DocType",
   "onboard": 0,
   "type": "Link"
  },
  {
   "dependencies": "",
   "hidden": 0,
   "is_query_report": 0,
   "label": "Fee Category",
   "link_count": 0,
   "link_to": "Fee Category",
   "link_type": "DocType",
   "onboard": 0,
   "type": "Link"
  },
  {
   "dependencies": "",
   "hidden": 0,
   "is_query_report": 0,
   "label": "Fee Schedule",
   "link_count": 0,
   "link_to": "Fee Schedule",
   "link_type": "DocType",
   "onboard": 0,
   "type": "Link"
  },
  {
   "dependencies": "",
   "hidden": 0,
   "is_query_report": 0,
   "label": "Fees",
   "link_count": 0,
   "link_to": "Fees",
   "link_type": "DocType",
   "onboard": 0,
   "type": "Link"
  },
  {
   "dependencies": "Fees",
   "hidden": 0,
   "is_query_report": 1,
   "label": "Student Fee Collection Report",
   "link_count": 0,
   "link_to": "Student Fee Collection",
   "link_type": "Report",
   "onboard": 0,
   "type": "Link"
  },
  {
   "dependencies": "Fees",
   "hidden": 0,
   "is_query_report": 1,
   "label": "Program wise Fee Collection Report",
   "link_count": 0,
   "link_to": "Program wise Fee Collection",
   "link_type": "Report",
   "onboard": 0,
   "type": "Link"
  },
  {
   "hidden": 0,
   "is_query_report": 0,
   "label": "Schedule",
   "link_count": 0,
   "onboard": 0,
   "type": "Card Break"
  },
  {
   "dependencies": "",
   "hidden": 0,
   "is_query_report": 0,
   "label": "Course Schedule",
   "link_count": 0,
   "link_to": "Course Schedule",
   "link_type": "DocType",
   "onboard": 0,
   "type": "Link"
  },
  {
   "dependencies": "",
   "hidden": 0,
   "is_query_report": 0,
   "label": "Course Scheduling Tool",
   "link_count": 0,
   "link_to": "Course Scheduling Tool",
   "link_type": "DocType",
   "onboard": 0,
   "type": "Link"
  },
  {
   "hidden": 0,
   "is_query_report": 0,
   "label": "Attendance",
   "link_count": 0,
   "onboard": 0,
   "type": "Card Break"
  },
  {
   "dependencies": "",
   "hidden": 0,
   "is_query_report": 0,
   "label": "Student Attendance",
   "link_count": 0,
   "link_to": "Student Attendance",
   "link_type": "DocType",
   "onboard": 0,
   "type": "Link"
  },
  {
   "dependencies": "",
   "hidden": 0,
   "is_query_report": 0,
   "label": "Student Leave Application",
   "link_count": 0,
   "link_to": "Student Leave Application",
   "link_type": "DocType",
   "onboard": 0,
   "type": "Link"
  },
  {
   "dependencies": "Student Attendance",
   "hidden": 0,
   "is_query_report": 1,
   "label": "Student Monthly Attendance Sheet",
   "link_count": 0,
   "link_to": "Student Monthly Attendance Sheet",
   "link_type": "Report",
   "onboard": 0,
   "type": "Link"
  },
  {
   "dependencies": "Student Attendance",
   "hidden": 0,
   "is_query_report": 1,
   "label": "Absent Student Report",
   "link_count": 0,
   "link_to": "Absent Student Report",
   "link_type": "Report",
   "onboard": 0,
   "type": "Link"
  },
  {
   "dependencies": "Student Attendance",
   "hidden": 0,
   "is_query_report": 1,
   "label": "Student Batch-Wise Attendance",
   "link_count": 0,
   "link_to": "Student Batch-Wise Attendance",
   "link_type": "Report",
   "onboard": 0,
   "type": "Link"
  },
  {
   "dependencies": "",
   "hidden": 0,
   "is_query_report": 0,
   "label": "Course Enrollment",
   "link_count": 0,
   "link_to": "Course Enrollment",
   "link_type": "DocType",
   "onboard": 0,
   "type": "Link"
  },
  {
   "dependencies": "",
   "hidden": 0,
   "is_query_report": 0,
   "label": "Course Activity",
   "link_count": 0,
   "link_to": "Course Activity",
   "link_type": "DocType",
   "onboard": 0,
   "type": "Link"
  },
  {
   "dependencies": "",
   "hidden": 0,
   "is_query_report": 0,
   "label": "Quiz Activity",
   "link_count": 0,
   "link_to": "Quiz Activity",
   "link_type": "DocType",
   "onboard": 0,
   "type": "Link"
  },
  {
   "hidden": 0,
   "is_query_report": 0,
   "label": "Assessment",
   "link_count": 0,
   "onboard": 0,
   "type": "Card Break"
  },
  {
   "dependencies": "",
   "hidden": 0,
   "is_query_report": 0,
   "label": "Assessment Plan",
   "link_count": 0,
   "link_to": "Assessment Plan",
   "link_type": "DocType",
   "onboard": 0,
   "type": "Link"
  },
  {
   "dependencies": "",
   "hidden": 0,
   "is_query_report": 0,
   "label": "Assessment Group",
   "link_count": 0,
   "link_to": "Assessment Group",
   "link_type": "DocType",
   "onboard": 0,
   "type": "Link"
  },
  {
   "dependencies": "",
   "hidden": 0,
   "is_query_report": 0,
   "label": "Assessment Result",
   "link_count": 0,
   "link_to": "Assessment Result",
   "link_type": "DocType",
   "onboard": 0,
   "type": "Link"
  },
  {
   "dependencies": "",
   "hidden": 0,
   "is_query_report": 0,
   "label": "Assessment Criteria",
   "link_count": 0,
   "link_to": "Assessment Criteria",
   "link_type": "DocType",
   "onboard": 0,
   "type": "Link"
  },
  {
   "hidden": 0,
   "is_query_report": 0,
   "label": "Assessment Reports",
   "link_count": 0,
   "onboard": 0,
   "type": "Card Break"
  },
  {
   "dependencies": "Assessment Result",
   "hidden": 0,
   "is_query_report": 1,
   "label": "Course wise Assessment Report",
   "link_count": 0,
   "link_to": "Course wise Assessment Report",
   "link_type": "Report",
   "onboard": 0,
   "type": "Link"
  },
  {
   "dependencies": "Assessment Result",
   "hidden": 0,
   "is_query_report": 1,
   "label": "Final Assessment Grades",
   "link_count": 0,
   "link_to": "Final Assessment Grades",
   "link_type": "Report",
   "onboard": 0,
   "type": "Link"
  },
  {
   "dependencies": "Assessment Plan",
   "hidden": 0,
   "is_query_report": 1,
   "label": "Assessment Plan Status",
   "link_count": 0,
   "link_to": "Assessment Plan Status",
   "link_type": "Report",
   "onboard": 0,
   "type": "Link"
  },
  {
   "dependencies": "",
   "hidden": 0,
   "is_query_report": 0,
   "label": "Student Report Generation Tool",
   "link_count": 0,
   "link_to": "Student Report Generation Tool",
   "link_type": "DocType",
   "onboard": 0,
   "type": "Link"
  },
  {
   "hidden": 0,
   "is_query_report": 0,
   "label": "Tools",
   "link_count": 0,
   "onboard": 0,
   "type": "Card Break"
  },
  {
   "dependencies": "",
   "hidden": 0,
   "is_query_report": 0,
   "label": "Student Attendance Tool",
   "link_count": 0,
   "link_to": "Student Attendance Tool",
   "link_type": "DocType",
   "onboard": 0,
   "type": "Link"
  },
  {
   "dependencies": "",
   "hidden": 0,
   "is_query_report": 0,
   "label": "Assessment Result Tool",
   "link_count": 0,
   "link_to": "Assessment Result Tool",
   "link_type": "DocType",
   "onboard": 0,
   "type": "Link"
  },
  {
   "dependencies": "",
   "hidden": 0,
   "is_query_report": 0,
   "label": "Student Group Creation Tool",
   "link_count": 0,
   "link_to": "Student Group Creation Tool",
   "link_type": "DocType",
   "onboard": 0,
   "type": "Link"
  },
  {
   "dependencies": "",
   "hidden": 0,
   "is_query_report": 0,
   "label": "Program Enrollment Tool",
   "link_count": 0,
   "link_to": "Program Enrollment Tool",
   "link_type": "DocType",
   "onboard": 0,
   "type": "Link"
  },
  {
   "dependencies": "",
   "hidden": 0,
   "is_query_report": 0,
   "label": "Course Scheduling Tool",
   "link_count": 0,
   "link_to": "Course Scheduling Tool",
   "link_type": "DocType",
   "onboard": 0,
   "type": "Link"
  },
  {
   "hidden": 0,
   "is_query_report": 0,
   "label": "Other Reports",
   "link_count": 0,
   "onboard": 0,
   "type": "Card Break"
  },
  {
   "dependencies": "Program Enrollment",
   "hidden": 0,
   "is_query_report": 1,
   "label": "Student and Guardian Contact Details",
   "link_count": 0,
   "link_to": "Student and Guardian Contact Details",
   "link_type": "Report",
   "onboard": 0,
   "type": "Link"
  }
 ],
 "modified": "2024-03-13 16:18:41.360391",
 "modified_by": "Administrator",
 "module": "Education",
 "name": "Education",
 "number_cards": [],
 "owner": "Administrator",
 "parent_page": "",
 "public": 1,
 "quick_lists": [],
 "restrict_to_domain": "",
 "roles": [],
 "sequence_id": 9.0,
 "shortcuts": [
  {
   "color": "Grey",
   "format": "{} Active",
   "label": "Student",
   "link_to": "Student",
   "stats_filter": "{\n    \"enabled\": 1\n}",
   "type": "DocType"
  },
  {
   "color": "Grey",
   "doc_view": "",
   "format": "{} Unpaid",
   "label": "Sales Invoice",
   "link_to": "Sales Invoice",
   "stats_filter": "[[\"Sales Invoice\",\"fee_schedule\",\"is\",\"set\",false]]",
   "type": "DocType"
  },
  {
   "color": "Grey",
   "format": "{} Active",
   "label": "Instructor",
   "link_to": "Instructor",
   "stats_filter": "{\n    \"status\": \"Active\"\n}",
   "type": "DocType"
  },
  {
   "color": "",
   "format": "",
   "label": "Program",
   "link_to": "Program",
   "stats_filter": "",
   "type": "DocType"
  },
  {
   "label": "Course",
   "link_to": "Course",
   "type": "DocType"
  },
  {
   "label": "Student Monthly Attendance Sheet",
   "link_to": "Student Monthly Attendance Sheet",
   "type": "Report"
  },
  {
   "label": "Course Scheduling Tool",
   "link_to": "Course Scheduling Tool",
   "type": "DocType"
  },
  {
   "label": "Student Attendance Tool",
   "link_to": "Student Attendance Tool",
   "type": "DocType"
  }
 ],
 "title": "Education"
}