{
 "actions": [],
 "allow_rename": 1,
 "creation": "2015-09-16 13:07:27.675453",
 "doctype": "DocType",
 "document_type": "Setup",
 "editable_grid": 1,
 "engine": "InnoDB",
 "field_order": [
  "fees_category",
  "description",
  "column_break_2",
  "amount",
  "item",
  "discount",
  "total"
 ],
 "fields": [
  {
   "fieldname": "fees_category",
   "fieldtype": "Link",
   "in_list_view": 1,
   "label": "Fees Category",
   "oldfieldname": "earning_name",
   "oldfieldtype": "Data",
   "options": "Fee Category",
   "reqd": 1
  },
  {
   "fetch_from": "fees_category.description",
   "fieldname": "description",
   "fieldtype": "Small Text",
   "label": "Description",
   "print_hide": 1
  },
  {
   "fieldname": "column_break_2",
   "fieldtype": "Column Break"
  },
  {
   "fieldname": "amount",
   "fieldtype": "Currency",
   "in_list_view": 1,
   "label": "Amount",
   "oldfieldname": "description",
   "oldfieldtype": "Small Text",
   "reqd": 1,
   "width": "300px"
  },
  {
   "fetch_from": "fees_category.item",
   "fieldname": "item",
   "fieldtype": "Link",
   "label": "Item",
   "options": "Item",
   "read_only": 1
  },
  {
   "default": "0",
   "fieldname": "discount",
   "fieldtype": "Percent",
   "in_list_view": 1,
   "label": "Discount(%)"
  },
  {
   "fieldname": "total",
   "fieldtype": "Float",
   "in_list_view": 1,
   "label": "Total",
   "read_only": 1
  }
 ],
 "icon": "fa fa-flag",
 "istable": 1,
 "links": [],
 "modified": "2024-01-25 14:41:04.781363",
 "modified_by": "Administrator",
 "module": "Education",
 "name": "Fee Component",
 "owner": "Administrator",
 "permissions": [],
 "sort_field": "modified",
 "sort_order": "DESC",
 "states": []
}