{
 "actions": [],
 "creation": "2017-12-27 08:55:52.680284",
 "doctype": "DocType",
 "editable_grid": 1,
 "engine": "InnoDB",
 "field_order": [
  "academic_year",
  "academic_term",
  "department",
  "column_break_3",
  "program",
  "course",
  "student_group",
  "section_break_8",
  "other_details"
 ],
 "fields": [
  {
   "fieldname": "academic_year",
   "fieldtype": "Link",
   "in_list_view": 1,
   "label": "Academic Year",
   "options": "Academic Year",
   "reqd": 1
  },
  {
   "fieldname": "academic_term",
   "fieldtype": "Link",
   "in_list_view": 1,
   "label": "Academic Term",
   "options": "Academic Term"
  },
  {
   "fieldname": "department",
   "fieldtype": "Link",
   "label": "Department",
   "options": "Department"
  },
  {
   "fieldname": "column_break_3",
   "fieldtype": "Column Break"
  },
  {
   "fieldname": "program",
   "fieldtype": "Link",
   "in_list_view": 1,
   "label": "Program",
   "options": "Program",
   "reqd": 1
  },
  {
   "fieldname": "course",
   "fieldtype": "Link",
   "in_list_view": 1,
   "label": "Course",
   "options": "Course"
  },
  {
   "fieldname": "student_group",
   "fieldtype": "Link",
   "label": "Student Group",
   "options": "Student Group"
  },
  {
   "fieldname": "section_break_8",
   "fieldtype": "Section Break"
  },
  {
   "fieldname": "other_details",
   "fieldtype": "Small Text",
   "label": "Other details"
  }
 ],
 "istable": 1,
 "links": [],
 "modified": "2020-10-23 15:15:50.759657",
 "modified_by": "Administrator",
 "module": "Education",
 "name": "Instructor Log",
 "owner": "Administrator",
 "permissions": [],
 "quick_entry": 1,
 "restrict_to_domain": "",
 "sort_field": "modified",
 "sort_order": "DESC",
 "track_changes": 1
}