{
 "allow_comments": 0,
 "allow_delete": 0,
 "allow_edit": 1,
 "allow_incomplete": 0,
 "allow_multiple": 1,
 "allow_print": 0,
 "anonymous": 0,
 "apply_document_permissions": 0,
 "condition_json": "[]",
 "creation": "2016-09-22 13:10:10.792735",
 "doc_type": "Student Applicant",
 "docstatus": 0,
 "doctype": "Web Form",
 "idx": 0,
 "is_standard": 1,
 "list_columns": [],
 "login_required": 1,
 "max_attachment_size": 0,
 "modified": "2023-11-28 12:42:40.949368",
 "modified_by": "Administrator",
 "module": "Education",
 "name": "student-applicant",
 "owner": "Administrator",
 "published": 1,
 "route": "student-applicant",
 "show_attachments": 0,
 "show_list": 1,
 "show_sidebar": 1,
 "success_url": "",
 "title": "Student Applicant",
 "web_form_fields": [
  {
   "allow_read_on_all_link_options": 0,
   "fieldname": "first_name",
   "fieldtype": "Data",
   "hidden": 0,
   "label": "First Name",
   "max_length": 0,
   "max_value": 0,
   "read_only": 0,
   "reqd": 1,
   "show_in_filter": 0
  },
  {
   "allow_read_on_all_link_options": 0,
   "fieldname": "middle_name",
   "fieldtype": "Data",
   "hidden": 0,
   "label": "Middle Name",
   "max_length": 0,
   "max_value": 0,
   "read_only": 0,
   "reqd": 0,
   "show_in_filter": 0
  },
  {
   "allow_read_on_all_link_options": 0,
   "fieldname": "last_name",
   "fieldtype": "Data",
   "hidden": 0,
   "label": "Last Name",
   "max_length": 0,
   "max_value": 0,
   "read_only": 0,
   "reqd": 0,
   "show_in_filter": 0
  },
  {
   "allow_read_on_all_link_options": 0,
   "fieldname": "",
   "fieldtype": "Column Break",
   "hidden": 0,
   "label": "",
   "max_length": 0,
   "max_value": 0,
   "options": "",
   "read_only": 0,
   "reqd": 0,
   "show_in_filter": 0
  },
  {
   "allow_read_on_all_link_options": 1,
   "fieldname": "program",
   "fieldtype": "Link",
   "hidden": 0,
   "label": "Program",
   "max_length": 0,
   "max_value": 0,
   "options": "Program",
   "read_only": 0,
   "reqd": 1,
   "show_in_filter": 0
  },
  {
   "allow_read_on_all_link_options": 1,
   "fieldname": "academic_year",
   "fieldtype": "Link",
   "hidden": 0,
   "label": "Academic Year",
   "max_length": 0,
   "max_value": 0,
   "options": "Academic Year",
   "read_only": 0,
   "reqd": 1,
   "show_in_filter": 0
  },
  {
   "allow_read_on_all_link_options": 1,
   "fieldname": "academic_term",
   "fieldtype": "Link",
   "hidden": 0,
   "label": "Academic Term",
   "max_length": 0,
   "max_value": 0,
   "options": "Academic Term",
   "read_only": 0,
   "reqd": 0,
   "show_in_filter": 0
  },
  {
   "allow_read_on_all_link_options": 0,
   "fieldname": "",
   "fieldtype": "Section Break",
   "hidden": 0,
   "label": "",
   "max_length": 0,
   "max_value": 0,
   "options": "",
   "read_only": 0,
   "reqd": 0,
   "show_in_filter": 0
  },
  {
   "allow_read_on_all_link_options": 0,
   "fieldname": "student_email_id",
   "fieldtype": "Data",
   "hidden": 0,
   "label": "Student Email ID",
   "max_length": 0,
   "max_value": 0,
   "read_only": 0,
   "reqd": 1,
   "show_in_filter": 0
  },
  {
   "allow_read_on_all_link_options": 0,
   "fieldname": "student_mobile_number",
   "fieldtype": "Data",
   "hidden": 0,
   "label": "Student Mobile Number",
   "max_length": 0,
   "max_value": 0,
   "read_only": 0,
   "reqd": 0,
   "show_in_filter": 0
  },
  {
   "allow_read_on_all_link_options": 0,
   "fieldname": "date_of_birth",
   "fieldtype": "Date",
   "hidden": 0,
   "label": "Date of Birth",
   "max_length": 0,
   "max_value": 0,
   "read_only": 0,
   "reqd": 0,
   "show_in_filter": 0
  },
  {
   "allow_read_on_all_link_options": 0,
   "fieldname": "",
   "fieldtype": "Column Break",
   "hidden": 0,
   "label": "",
   "max_length": 0,
   "max_value": 0,
   "options": "",
   "read_only": 0,
   "reqd": 0,
   "show_in_filter": 0
  },
  {
   "allow_read_on_all_link_options": 1,
   "fieldname": "gender",
   "fieldtype": "Link",
   "hidden": 0,
   "label": "Gender",
   "max_length": 0,
   "max_value": 0,
   "options": "Gender",
   "read_only": 0,
   "reqd": 0,
   "show_in_filter": 0
  },
  {
   "allow_read_on_all_link_options": 0,
   "fieldname": "blood_group",
   "fieldtype": "Select",
   "hidden": 0,
   "label": "Blood Group",
   "max_length": 0,
   "max_value": 0,
   "options": "\nA+\nA-\nB+\nB-\nO+\nO-\nAB+\nAB-",
   "read_only": 0,
   "reqd": 0,
   "show_in_filter": 0
  },
  {
   "allow_read_on_all_link_options": 0,
   "default": "",
   "fieldname": "nationality",
   "fieldtype": "Data",
   "hidden": 0,
   "label": "Nationality",
   "max_length": 0,
   "max_value": 0,
   "options": "",
   "read_only": 0,
   "reqd": 0,
   "show_in_filter": 0
  },
  {
   "allow_read_on_all_link_options": 0,
   "fieldname": "",
   "fieldtype": "Page Break",
   "hidden": 0,
   "label": "",
   "max_length": 0,
   "max_value": 0,
   "options": "",
   "read_only": 0,
   "reqd": 0,
   "show_in_filter": 0
  },
  {
   "allow_read_on_all_link_options": 0,
   "fieldname": "address_tab",
   "fieldtype": "Page Break",
   "hidden": 0,
   "label": "Address",
   "max_length": 0,
   "max_value": 0,
   "read_only": 0,
   "reqd": 0,
   "show_in_filter": 0
  },
  {
   "allow_read_on_all_link_options": 0,
   "fieldname": "address_line_1",
   "fieldtype": "Data",
   "hidden": 0,
   "label": "Address Line 1",
   "max_length": 0,
   "max_value": 0,
   "read_only": 0,
   "reqd": 0,
   "show_in_filter": 0
  },
  {
   "allow_read_on_all_link_options": 0,
   "fieldname": "address_line_2",
   "fieldtype": "Data",
   "hidden": 0,
   "label": "Address Line 2",
   "max_length": 0,
   "max_value": 0,
   "read_only": 0,
   "reqd": 0,
   "show_in_filter": 0
  },
  {
   "allow_read_on_all_link_options": 0,
   "fieldname": "city",
   "fieldtype": "Data",
   "hidden": 0,
   "label": "City",
   "max_length": 0,
   "max_value": 0,
   "read_only": 0,
   "reqd": 0,
   "show_in_filter": 0
  },
  {
   "allow_read_on_all_link_options": 0,
   "fieldname": "",
   "fieldtype": "Column Break",
   "hidden": 0,
   "label": "",
   "max_length": 0,
   "max_value": 0,
   "options": "",
   "read_only": 0,
   "reqd": 0,
   "show_in_filter": 0
  },
  {
   "allow_read_on_all_link_options": 0,
   "fieldname": "state",
   "fieldtype": "Data",
   "hidden": 0,
   "label": "State",
   "max_length": 0,
   "max_value": 0,
   "read_only": 0,
   "reqd": 0,
   "show_in_filter": 0
  },
  {
   "allow_read_on_all_link_options": 0,
   "fieldname": "pincode",
   "fieldtype": "Data",
   "hidden": 0,
   "label": "Pincode",
   "max_length": 0,
   "max_value": 0,
   "read_only": 0,
   "reqd": 0,
   "show_in_filter": 0
  },
  {
   "allow_read_on_all_link_options": 0,
   "fieldname": "country",
   "fieldtype": "Link",
   "hidden": 0,
   "label": "Country",
   "max_length": 0,
   "max_value": 0,
   "options": "Country",
   "read_only": 0,
   "reqd": 0,
   "show_in_filter": 0
  },
  {
   "allow_read_on_all_link_options": 0,
   "fieldname": "",
   "fieldtype": "Page Break",
   "hidden": 0,
   "label": "",
   "max_length": 0,
   "max_value": 0,
   "options": "",
   "read_only": 0,
   "reqd": 0,
   "show_in_filter": 0
  },
  {
   "allow_read_on_all_link_options": 0,
   "fieldname": "section_break_21",
   "fieldtype": "Section Break",
   "hidden": 0,
   "label": "Sibling Details",
   "max_length": 0,
   "max_value": 0,
   "read_only": 0,
   "reqd": 0,
   "show_in_filter": 0
  },
  {
   "allow_read_on_all_link_options": 0,
   "fieldname": "siblings",
   "fieldtype": "Table",
   "hidden": 0,
   "label": "Siblings",
   "max_length": 0,
   "max_value": 0,
   "options": "Student Sibling",
   "read_only": 0,
   "reqd": 0,
   "show_in_filter": 0
  },
  {
   "allow_read_on_all_link_options": 0,
   "fieldname": "section_break_xuzu",
   "fieldtype": "Section Break",
   "hidden": 0,
   "max_length": 0,
   "max_value": 0,
   "read_only": 0,
   "reqd": 0,
   "show_in_filter": 0
  },
  {
   "allow_read_on_all_link_options": 0,
   "fieldname": "student_admission",
   "fieldtype": "Link",
   "hidden": 1,
   "label": "Student Admission",
   "max_length": 0,
   "max_value": 0,
   "options": "Student Admission",
   "read_only": 0,
   "reqd": 0,
   "show_in_filter": 0
  },
  {
   "allow_read_on_all_link_options": 0,
   "fieldname": "student_category",
   "fieldtype": "Link",
   "hidden": 0,
   "label": "Student Category",
   "max_length": 0,
   "max_value": 0,
   "options": "Student Category",
   "read_only": 0,
   "reqd": 0,
   "show_in_filter": 0
  },
  {
   "allow_read_on_all_link_options": 0,
   "default": "0",
   "fieldname": "paid",
   "fieldtype": "Check",
   "hidden": 0,
   "label": "Paid",
   "max_length": 0,
   "max_value": 0,
   "read_only": 0,
   "reqd": 0,
   "show_in_filter": 0
  },
  {
   "allow_read_on_all_link_options": 0,
   "fieldname": "column_break_8",
   "fieldtype": "Column Break",
   "hidden": 0,
   "max_length": 0,
   "max_value": 0,
   "read_only": 0,
   "reqd": 0,
   "show_in_filter": 0
  },
  {
   "allow_read_on_all_link_options": 0,
   "default": "Today",
   "fieldname": "application_date",
   "fieldtype": "Date",
   "hidden": 0,
   "label": "Application Date",
   "max_length": 0,
   "max_value": 0,
   "read_only": 0,
   "reqd": 0,
   "show_in_filter": 0
  },
  {
   "allow_read_on_all_link_options": 0,
   "default": "Applied",
   "fieldname": "application_status",
   "fieldtype": "Select",
   "hidden": 1,
   "label": "Application Status",
   "max_length": 0,
   "max_value": 0,
   "options": "Applied\nApproved\nRejected\nAdmitted",
   "read_only": 1,
   "reqd": 0,
   "show_in_filter": 0
  },
  {
   "allow_read_on_all_link_options": 0,
   "fieldname": "",
   "fieldtype": "Section Break",
   "hidden": 0,
   "label": "",
   "max_length": 0,
   "max_value": 0,
   "options": "",
   "read_only": 0,
   "reqd": 0,
   "show_in_filter": 0
  },
  {
   "allow_read_on_all_link_options": 0,
   "fieldname": "column_break_lvby",
   "fieldtype": "Column Break",
   "hidden": 0,
   "max_length": 0,
   "max_value": 0,
   "read_only": 0,
   "reqd": 0,
   "show_in_filter": 0
  },
  {
   "allow_read_on_all_link_options": 0,
   "fieldname": "amended_from",
   "fieldtype": "Link",
   "hidden": 1,
   "label": "Amended From",
   "max_length": 0,
   "max_value": 0,
   "options": "Student Applicant",
   "read_only": 1,
   "reqd": 0,
   "show_in_filter": 0
  },
  {
   "allow_read_on_all_link_options": 0,
   "fieldname": "company",
   "fieldtype": "Link",
   "hidden": 0,
   "label": "Company",
   "max_length": 0,
   "max_value": 0,
   "options": "Company",
   "read_only": 0,
   "reqd": 0,
   "show_in_filter": 0
  }
 ]
}