{
 "actions": [],
 "creation": "2015-09-07 14:37:01.886859",
 "doctype": "DocType",
 "editable_grid": 1,
 "engine": "InnoDB",
 "field_order": [
  "course",
  "course_name",
  "required"
 ],
 "fields": [
  {
   "fieldname": "course",
   "fieldtype": "Link",
   "in_global_search": 1,
   "in_list_view": 1,
   "label": "Course",
   "options": "Course",
   "reqd": 1
  },
  {
   "fetch_from": "course.course_name",
   "fieldname": "course_name",
   "fieldtype": "Data",
   "in_list_view": 1,
   "label": "Course Name",
   "read_only": 1
  },
  {
   "default": "1",
   "fieldname": "required",
   "fieldtype": "Check",
   "in_list_view": 1,
   "label": "Mandatory"
  }
 ],
 "istable": 1,
 "links": [],
 "modified": "2020-09-15 18:14:22.816795",
 "modified_by": "Administrator",
 "module": "Education",
 "name": "Program Course",
 "owner": "Administrator",
 "permissions": [],
 "restrict_to_domain": "",
 "sort_field": "modified",
 "sort_order": "DESC",
 "track_changes": 1
}