{
 "creation": "2018-10-15 15:52:25.766374",
 "doctype": "DocType",
 "editable_grid": 1,
 "engine": "InnoDB",
 "field_order": [
  "question",
  "selected_option",
  "quiz_result"
 ],
 "fields": [
  {
   "fieldname": "question",
   "fieldtype": "Link",
   "in_list_view": 1,
   "label": "Question",
   "options": "Question",
   "read_only": 1,
   "reqd": 1,
   "set_only_once": 1
  },
  {
   "fieldname": "selected_option",
   "fieldtype": "Data",
   "in_list_view": 1,
   "label": "Selected Option",
   "read_only": 1,
   "set_only_once": 1
  },
  {
   "fieldname": "quiz_result",
   "fieldtype": "Select",
   "in_list_view": 1,
   "label": "Result",
   "options": "\nCorrect\nWrong",
   "read_only": 1,
   "reqd": 1,
   "set_only_once": 1
  }
 ],
 "istable": 1,
 "modified": "2019-06-03 12:52:32.267392",
 "modified_by": "Administrator",
 "module": "Education",
 "name": "Quiz Result",
 "owner": "Administrator",
 "permissions": [],
 "quick_entry": 1,
 "sort_field": "modified",
 "sort_order": "DESC",
 "track_changes": 1
}