{
 "actions": [],
 "creation": "2017-09-15 12:59:43.207923",
 "doctype": "DocType",
 "editable_grid": 1,
 "engine": "InnoDB",
 "field_order": [
  "program",
  "min_age",
  "max_age",
  "description",
  "column_break_4",
  "application_fee",
  "applicant_naming_series"
 ],
 "fields": [
  {
   "fieldname": "program",
   "fieldtype": "Link",
   "in_list_view": 1,
   "label": "Program",
   "options": "Program"
  },
  {
   "fieldname": "column_break_4",
   "fieldtype": "Column Break"
  },
  {
   "fieldname": "application_fee",
   "fieldtype": "Currency",
   "in_list_view": 1,
   "label": "Application Fee"
  },
  {
   "fieldname": "applicant_naming_series",
   "fieldtype": "Data",
   "label": "Naming Series (for Student Applicant)"
  },
  {
   "fieldname": "min_age",
   "fieldtype": "Int",
   "in_list_view": 1,
   "label": "Minimum Age"
  },
  {
   "fieldname": "max_age",
   "fieldtype": "Int",
   "in_list_view": 1,
   "label": "Maximum Age"
  },
  {
   "fieldname": "description",
   "fieldtype": "Small Text",
   "label": "Description"
  }
 ],
 "istable": 1,
 "links": [],
 "modified": "2023-11-18 14:34:50.070162",
 "modified_by": "Administrator",
 "module": "Education",
 "name": "Student Admission Program",
 "owner": "Administrator",
 "permissions": [],
 "quick_entry": 1,
 "sort_field": "modified",
 "sort_order": "DESC",
 "states": [],
 "track_changes": 1
}