{
 "actions": [],
 "creation": "2016-05-19 05:52:56.322125",
 "doctype": "DocType",
 "editable_grid": 1,
 "engine": "InnoDB",
 "field_order": [
  "academic_term",
  "fee_schedule",
  "student_category",
  "column_break_3",
  "due_date",
  "amount"
 ],
 "fields": [
  {
   "fetch_from": "fee_schedule.academic_term",
   "fieldname": "academic_term",
   "fieldtype": "Link",
   "in_list_view": 1,
   "label": "Academic Term",
   "options": "Academic Term"
  },
  {
   "fetch_from": "fee_schedule.student_category",
   "fieldname": "student_category",
   "fieldtype": "Link",
   "in_global_search": 1,
   "in_list_view": 1,
   "label": "Student Category",
   "options": "Student Category"
  },
  {
   "fieldname": "column_break_3",
   "fieldtype": "Column Break"
  },
  {
   "fetch_from": "fee_schedule.due_date",
   "fieldname": "due_date",
   "fieldtype": "Date",
   "in_list_view": 1,
   "label": "Due Date"
  },
  {
   "fetch_from": "fee_schedule.total_amount",
   "fieldname": "amount",
   "fieldtype": "Currency",
   "in_list_view": 1,
   "label": "Amount",
   "read_only": 1
  },
  {
   "fieldname": "fee_schedule",
   "fieldtype": "Link",
   "in_list_view": 1,
   "label": "Fee Schedule",
   "options": "Fee Schedule",
   "reqd": 1
  }
 ],
 "istable": 1,
 "links": [],
 "modified": "2024-01-24 12:55:46.854472",
 "modified_by": "Administrator",
 "module": "Education",
 "name": "Program Fee",
 "owner": "Administrator",
 "permissions": [],
 "quick_entry": 1,
 "sort_field": "modified",
 "sort_order": "DESC",
 "states": [],
 "track_changes": 1
}