{
 "actions": [],
 "creation": "2016-12-14 17:44:35.583123",
 "doctype": "DocType",
 "editable_grid": 1,
 "engine": "InnoDB",
 "field_order": [
  "assessment_criteria",
  "maximum_score",
  "column_break_2",
  "score",
  "grade"
 ],
 "fields": [
  {
   "columns": 4,
   "fieldname": "assessment_criteria",
   "fieldtype": "Link",
   "in_list_view": 1,
   "label": "Assessment Criteria",
   "options": "Assessment Criteria",
   "read_only": 1,
   "reqd": 1
  },
  {
   "columns": 2,
   "fieldname": "maximum_score",
   "fieldtype": "Float",
   "in_list_view": 1,
   "label": "Maximum Score",
   "read_only": 1
  },
  {
   "fieldname": "column_break_2",
   "fieldtype": "Column Break"
  },
  {
   "columns": 2,
   "fieldname": "score",
   "fieldtype": "Float",
   "in_list_view": 1,
   "label": "Score",
   "reqd": 1
  },
  {
   "columns": 2,
   "fieldname": "grade",
   "fieldtype": "Data",
   "in_list_view": 1,
   "label": "Grade",
   "read_only": 1
  }
 ],
 "istable": 1,
 "links": [],
 "modified": "2020-07-31 13:27:17.699022",
 "modified_by": "Administrator",
 "module": "Education",
 "name": "Assessment Result Detail",
 "owner": "Administrator",
 "permissions": [],
 "quick_entry": 1,
 "restrict_to_domain": "",
 "sort_field": "modified",
 "sort_order": "DESC"
}