{
 "creation": "2018-12-12 11:42:57.987434",
 "doctype": "DocType",
 "editable_grid": 1,
 "engine": "InnoDB",
 "field_order": [
  "content_type",
  "column_break_2",
  "content"
 ],
 "fields": [
  {
   "fieldname": "content_type",
   "fieldtype": "Select",
   "in_list_view": 1,
   "label": "Content Type",
   "options": "\nArticle\nVideo\nQuiz",
   "reqd": 1
  },
  {
   "fieldname": "column_break_2",
   "fieldtype": "Column Break"
  },
  {
   "fieldname": "content",
   "fieldtype": "Dynamic Link",
   "in_list_view": 1,
   "label": "Content",
   "options": "content_type",
   "reqd": 1
  }
 ],
 "istable": 1,
 "modified": "2019-05-14 11:12:49.153771",
 "modified_by": "Administrator",
 "module": "Education",
 "name": "Topic Content",
 "owner": "Administrator",
 "permissions": [],
 "quick_entry": 1,
 "sort_field": "modified",
 "sort_order": "DESC",
 "track_changes": 1
}