{
 "allow_copy": 0,
 "allow_events_in_timeline": 0,
 "allow_guest_to_view": 0,
 "allow_import": 0,
 "allow_rename": 0,
 "beta": 0,
 "creation": "2016-01-04 15:03:57.940079",
 "custom": 0,
 "docstatus": 0,
 "doctype": "DocType",
 "document_type": "",
 "editable_grid": 1,
 "engine": "InnoDB",
 "fields": [
  {
   "allow_bulk_edit": 0,
   "allow_in_quick_entry": 0,
   "allow_on_submit": 0,
   "bold": 0,
   "collapsible": 0,
   "columns": 0,
   "fieldname": "group_based_on",
   "fieldtype": "Select",
   "hidden": 0,
   "ignore_user_permissions": 0,
   "ignore_xss_filter": 0,
   "in_filter": 0,
   "in_global_search": 0,
   "in_list_view": 1,
   "in_standard_filter": 0,
   "label": "Group Based On",
   "length": 0,
   "no_copy": 0,
   "options": "\nBatch\nCourse",
   "permlevel": 0,
   "precision": "",
   "print_hide": 0,
   "print_hide_if_no_value": 0,
   "read_only": 0,
   "remember_last_selected_value": 0,
   "report_hide": 0,
   "reqd": 1,
   "search_index": 0,
   "set_only_once": 0,
   "translatable": 0,
   "unique": 0
  },
  {
   "allow_bulk_edit": 0,
   "allow_in_quick_entry": 0,
   "allow_on_submit": 0,
   "bold": 0,
   "collapsible": 0,
   "columns": 0,
   "fieldname": "course",
   "fieldtype": "Link",
   "hidden": 0,
   "ignore_user_permissions": 0,
   "ignore_xss_filter": 0,
   "in_filter": 0,
   "in_global_search": 0,
   "in_list_view": 1,
   "in_standard_filter": 0,
   "label": "Course",
   "length": 0,
   "no_copy": 0,
   "options": "Course",
   "permlevel": 0,
   "precision": "",
   "print_hide": 0,
   "print_hide_if_no_value": 0,
   "read_only": 0,
   "remember_last_selected_value": 0,
   "report_hide": 0,
   "reqd": 0,
   "search_index": 0,
   "set_only_once": 0,
   "translatable": 0,
   "unique": 0
  },
  {
   "allow_bulk_edit": 0,
   "allow_in_quick_entry": 0,
   "allow_on_submit": 0,
   "bold": 0,
   "collapsible": 0,
   "columns": 0,
   "fieldname": "batch",
   "fieldtype": "Link",
   "hidden": 0,
   "ignore_user_permissions": 0,
   "ignore_xss_filter": 0,
   "in_filter": 0,
   "in_global_search": 0,
   "in_list_view": 1,
   "in_standard_filter": 0,
   "label": "Batch",
   "length": 0,
   "no_copy": 0,
   "options": "Student Batch Name",
   "permlevel": 0,
   "precision": "",
   "print_hide": 0,
   "print_hide_if_no_value": 0,
   "read_only": 0,
   "remember_last_selected_value": 0,
   "report_hide": 0,
   "reqd": 0,
   "search_index": 0,
   "set_only_once": 0,
   "translatable": 0,
   "unique": 0
  },
  {
   "allow_bulk_edit": 0,
   "allow_in_quick_entry": 0,
   "allow_on_submit": 0,
   "bold": 0,
   "collapsible": 0,
   "columns": 0,
   "fieldname": "column_break_3",
   "fieldtype": "Column Break",
   "hidden": 0,
   "ignore_user_permissions": 0,
   "ignore_xss_filter": 0,
   "in_filter": 0,
   "in_global_search": 0,
   "in_list_view": 0,
   "in_standard_filter": 0,
   "length": 0,
   "no_copy": 0,
   "permlevel": 0,
   "precision": "",
   "print_hide": 0,
   "print_hide_if_no_value": 0,
   "read_only": 0,
   "remember_last_selected_value": 0,
   "report_hide": 0,
   "reqd": 0,
   "search_index": 0,
   "set_only_once": 0,
   "translatable": 0,
   "unique": 0
  },
  {
   "allow_bulk_edit": 0,
   "allow_in_quick_entry": 0,
   "allow_on_submit": 0,
   "bold": 0,
   "collapsible": 0,
   "columns": 0,
   "fieldname": "student_group_name",
   "fieldtype": "Data",
   "hidden": 0,
   "ignore_user_permissions": 0,
   "ignore_xss_filter": 0,
   "in_filter": 0,
   "in_global_search": 0,
   "in_list_view": 1,
   "in_standard_filter": 0,
   "label": "Student Group Name",
   "length": 0,
   "no_copy": 0,
   "permlevel": 0,
   "precision": "",
   "print_hide": 0,
   "print_hide_if_no_value": 0,
   "read_only": 0,
   "remember_last_selected_value": 0,
   "report_hide": 0,
   "reqd": 1,
   "search_index": 0,
   "set_only_once": 0,
   "translatable": 0,
   "unique": 0
  },
  {
   "allow_bulk_edit": 0,
   "allow_in_quick_entry": 0,
   "allow_on_submit": 0,
   "bold": 0,
   "collapsible": 0,
   "columns": 0,
   "fetch_from": "course.course_name",
   "fieldname": "course_code",
   "fieldtype": "Read Only",
   "hidden": 0,
   "ignore_user_permissions": 0,
   "ignore_xss_filter": 0,
   "in_filter": 0,
   "in_global_search": 0,
   "in_list_view": 0,
   "in_standard_filter": 0,
   "label": "Course Code",
   "length": 0,
   "no_copy": 0,
   "options": "",
   "permlevel": 0,
   "precision": "",
   "print_hide": 0,
   "print_hide_if_no_value": 0,
   "read_only": 1,
   "remember_last_selected_value": 0,
   "report_hide": 0,
   "reqd": 0,
   "search_index": 0,
   "set_only_once": 0,
   "translatable": 0,
   "unique": 0
  },
  {
   "allow_bulk_edit": 0,
   "allow_in_quick_entry": 0,
   "allow_on_submit": 0,
   "bold": 0,
   "collapsible": 0,
   "columns": 0,
   "fieldname": "max_strength",
   "fieldtype": "Int",
   "hidden": 0,
   "ignore_user_permissions": 0,
   "ignore_xss_filter": 0,
   "in_filter": 0,
   "in_global_search": 0,
   "in_list_view": 1,
   "in_standard_filter": 0,
   "label": "Max Strength",
   "length": 0,
   "no_copy": 0,
   "permlevel": 0,
   "precision": "",
   "print_hide": 0,
   "print_hide_if_no_value": 0,
   "read_only": 0,
   "remember_last_selected_value": 0,
   "report_hide": 0,
   "reqd": 0,
   "search_index": 0,
   "set_only_once": 0,
   "translatable": 0,
   "unique": 0
  }
 ],
 "has_web_view": 0,
 "hide_heading": 0,
 "hide_toolbar": 0,
 "idx": 0,
 "image_view": 0,
 "in_create": 0,
 "is_submittable": 0,
 "issingle": 0,
 "istable": 1,
 "max_attachments": 0,
 "modified": "2018-11-04 03:38:52.525155",
 "modified_by": "Administrator",
 "module": "Education",
 "name": "Student Group Creation Tool Course",
 "name_case": "",
 "owner": "Administrator",
 "permissions": [],
 "quick_entry": 0,
 "read_only": 0,
 "read_only_onload": 0,
 "restrict_to_domain": "",
 "show_name_in_global_search": 0,
 "sort_field": "modified",
 "sort_order": "DESC",
 "track_changes": 1,
 "track_seen": 0,
 "track_views": 0
}