{
 "actions": [],
 "creation": "2015-09-11 15:14:58.501830",
 "doctype": "DocType",
 "editable_grid": 1,
 "engine": "InnoDB",
 "field_order": [
  "student",
  "student_name",
  "column_break_2",
  "group_roll_number",
  "active"
 ],
 "fields": [
  {
   "fieldname": "student",
   "fieldtype": "Link",
   "in_list_view": 1,
   "label": "Student",
   "options": "Student",
   "reqd": 1
  },
  {
   "fetch_from": "student.student_name",
   "fieldname": "student_name",
   "fieldtype": "Data",
   "in_list_view": 1,
   "label": "Student Name",
   "read_only": 1
  },
  {
   "fieldname": "column_break_2",
   "fieldtype": "Column Break"
  },
  {
   "fieldname": "group_roll_number",
   "fieldtype": "Int",
   "in_list_view": 1,
   "label": "Group Roll Number"
  },
  {
   "default": "1",
   "fieldname": "active",
   "fieldtype": "Check",
   "in_list_view": 1,
   "label": "Active"
  }
 ],
 "istable": 1,
 "links": [],
 "modified": "2023-02-07 16:22:46.912057",
 "modified_by": "Administrator",
 "module": "Education",
 "name": "Student Group Student",
 "owner": "Administrator",
 "permissions": [],
 "sort_field": "modified",
 "sort_order": "DESC",
 "states": []
}