{
 "actions": [],
 "creation": "2016-09-01 14:41:23.824083",
 "doctype": "DocType",
 "engine": "InnoDB",
 "field_order": [
  "studying_in_same_institute",
  "full_name",
  "gender",
  "column_break_4",
  "student",
  "institution",
  "program",
  "date_of_birth"
 ],
 "fields": [
  {
   "fieldname": "studying_in_same_institute",
   "fieldtype": "Select",
   "label": "Studying in Same Institute",
   "options": "NO\nYES"
  },
  {
   "columns": 3,
   "fetch_from": "student.student_name",
   "fieldname": "full_name",
   "fieldtype": "Data",
   "in_list_view": 1,
   "label": "Full Name"
  },
  {
   "columns": 1,
   "fieldname": "gender",
   "fieldtype": "Link",
   "in_list_view": 1,
   "label": "Gender",
   "options": "Gender"
  },
  {
   "fieldname": "column_break_4",
   "fieldtype": "Column Break"
  },
  {
   "depends_on": "eval:doc.studying_in_same_institute == \"YES\"",
   "fieldname": "student",
   "fieldtype": "Link",
   "label": "Student ID",
   "options": "Student"
  },
  {
   "columns": 2,
   "depends_on": "eval:doc.studying_in_same_institute == \"NO\"",
   "fieldname": "institution",
   "fieldtype": "Data",
   "label": "Institution"
  },
  {
   "columns": 2,
   "fieldname": "program",
   "fieldtype": "Data",
   "in_list_view": 1,
   "label": "Program"
  },
  {
   "columns": 2,
   "fieldname": "date_of_birth",
   "fieldtype": "Date",
   "in_list_view": 1,
   "label": "Date of Birth"
  }
 ],
 "istable": 1,
 "links": [],
 "modified": "2023-02-14 18:40:12.974746",
 "modified_by": "Administrator",
 "module": "Education",
 "name": "Student Sibling",
 "owner": "Administrator",
 "permissions": [],
 "quick_entry": 1,
 "sort_field": "modified",
 "sort_order": "DESC",
 "states": []
}