{
 "actions": [],
 "allow_rename": 1,
 "creation": "2024-01-10 13:14:22.550624",
 "doctype": "DocType",
 "editable_grid": 1,
 "engine": "InnoDB",
 "field_order": [
  "month",
  "due_date",
  "amount"
 ],
 "fields": [
  {
   "fieldname": "month",
   "fieldtype": "Data",
   "in_list_view": 1,
   "label": "Month"
  },
  {
   "fieldname": "due_date",
   "fieldtype": "Date",
   "in_list_view": 1,
   "label": "Due Date"
  },
  {
   "fieldname": "amount",
   "fieldtype": "Float",
   "in_list_view": 1,
   "label": "Amount"
  }
 ],
 "index_web_pages_for_search": 1,
 "istable": 1,
 "links": [],
 "modified": "2024-01-10 13:24:12.914268",
 "modified_by": "Administrator",
 "module": "Education",
 "name": "Fee Schedule Details",
 "owner": "Administrator",
 "permissions": [],
 "sort_field": "modified",
 "sort_order": "DESC",
 "states": []
}